permno,ticker
00100401,AIR
00104504,AAL
00105001,CECE
00107501,PNW
00107601,PRG
00107801,ABT
00110401,ACU
00111702,BKTI
00112101,AE
00116101,AMD
00118601,AEM
00120901,APD
00121001,AIRT
00123001,ALK
00123401,ATRI
00125401,MATX
00125701,ALX
00126601,ALCO
00127401,Y
00130001,HON
00132701,SWKS
00138001,HES
00139301,UHAL
00141001,ABM
00141402,PRI
00143901,ECOL
00144001,AEP
00144701,AXP
00144901,AFL
00148701,AIG
00152601,ANAT
00154503,ARL
00155901,AMS
00156201,AMSWA
00158501,AVD
00159801,AME
00160201,AMGN
00161301,AP
00161801,AXR
00163201,ADI
00165901,ANDE
00166101,NBR
00167801,APA
00168601,APOG
00169001,AAPL
00170401,AMAT
00170601,EPAC
00171201,TREC
00172201,ADM
00174302,ARCB
00177301,ARW
00178301,ARTW
00179401,ASH
00182001,ALOT
00182301,ATRO
00186401,REX
00187801,ADSK
00189101,ADP
00191301,AVY
00191901,AVT
00192601,AZZ
00194901,BRT
00196801,BMI
00197901,BCPC
00198201,PTVCA
00198202,PTVCB
00198801,BLL
00200201,BPOP
00200501,BOH
00201901,BK
00204901,B
00205201,BRN
00205501,GOLD
00208001,BSET
00208601,BAX
00210102,AIT
00211101,BDX
00212401,BELFA
00212403,BELFB
00213601,VZ
00213701,BCE
00217601,BRK.A
00217602,BRK.B
00218401,BBY
00222001,BIO
00222002,BIO.B
00225901,BKH
00226901,HRB
00228501,BA
00231201,RHI
00233705,RFP
00234201,BWL.A
00235201,BRC
00236901,BAM
00239001,BRID
00240301,BMY
00240801,TU
00243501,BF.B
00243502,BF.A
00243601,CAL
00244401,BC
00244801,MTRN
00249701,MTZ
00250401,UIS
00252601,CAE
00253601,RAMP
00254701,CI
00255801,CNA
00257301,CSPI
00257401,CSX
00257701,CTS
00257801,TLS
00258101,CVV
00259301,CBT
00259601,CACI
00261501,CAMP
00262801,CWT
00266301,CPB
00269601,CNI
00269801,CP
00271001,STZ.B
00271002,STZ
00275101,CAH
00277101,CSL
00278701,CRS
00280701,CASY
00281701,CAT
00281801,CATO
00282002,CVCO
00282901,RFIL
00288401,LUMN
00294003,MGLN
00294201,CMD
00296001,CHE
00296801,JPM
00298601,CPK
00299001,CLSN
00299101,CVX
00299901,CVR
00300701,EAT
00302601,CHD
00302801,CHDN
00303601,CBB
00306201,CTAS
00310509,IHRT
00310701,CLF
00312101,CLX
00313801,COKE
00314401,KO
00315301,CDE
00315701,COHR
00315801,COHU
00317001,CL
00320301,CCF
00322101,AON
00322601,CMCSA
00323101,CMA
00323801,CBSH
00324301,C
00324601,CMC
00327501,JCS
00327801,CAR
00333601,DXC
00334201,CTG
00335802,CMTL
00336201,CAG
00336901,RAVE
00338201,SSTK
00341002,TCI
00341301,ED
00342401,BH
00342404,BH.A
00342901,CTO
00343901,CMS
00346902,CLR
00350201,CTB
00350401,COO
00350501,TAP
00350502,TAP.A
00353201,GLW
00356201,CUZ
00357001,CBRL
00358001,CR
00358101,CRD.B
00358102,CRD.A
00359201,OMF
00361901,CCK
00362201,CRWS
00363901,CUB
00364301,CFR
00364701,CULP
00365001,CMI
00366201,CW
00370803,WEN
00373402,DAN
00373501,DHR
00376101,DAIO
00380601,DWSN
00380701,DXR
00381301,TGT
00383501,DE
00385103,DAL
00386301,DLX
00389701,DTE
00390501,ATGE
00394601,DBD
00396202,NSYS
00396401,DDS
00396901,DIOD
00398001,DIS
00400101,DXYN
00401602,DG
00402901,D
00403601,DCI
00404001,RRD
00404501,DMLP
00405801,DOV
00406001,DD
00406601,OMC
00409101,DCO
00409301,DUK
00409403,DNB
00410801,FLS
00411501,DY
00412401,DYNT
00414501,PKI
00418601,EML
00419301,EGP
00419402,KODK
00419901,ETN
00420101,EV
00421301,ECL
00422501,EDUC
00427501,ELSE
00432101,EMR
00432201,MSN
00438301,ATO
00438401,MARA
00439001,EBF
00441801,ENZ
00442301,EFX
00443001,EQT
00444801,ESCA
00445001,ESP
00446201,NEU
00448501,KINS
00449401,EXPD
00449702,BOOM
00449801,IIIN
00450301,XOM
00451001,FMC
00451701,NEE
00457901,FARM
00459801,FDX
00460501,FRT
00460801,FSS
00461102,M
00462201,FOE
00463202,CLBS
00464001,FITB
00467401,RF
00468501,TRMK
00469001,FCNCA
00469901,MTB
00472301,USB
00473701,FHN
00475901,BDL
00477101,FLXS
00480901,FLO
00481801,FLR
00482601,FONR
00483901,F
00486001,FSTR
00488101,FELE
00488501,BEN
00490001,FEIM
00490301,FRD
00492601,FUL
00494101,GATX
00497301,AJG
00498801,TGNA
00499001,GPS
00501801,AJRD
00504601,GD
00504701,GE
00505001,JOB
00507101,GIS
00507205,ALLY
00507319,GM
00508701,SPXC
00510901,GCO
00511601,GNTX
00512501,GPC
00514901,GTY
00517901,GLT
00523401,GT
00523701,GRC
00525001,GRA
00525201,GGG
00525401,GHM
00525601,GWW
00528401,GTN.A
00528402,GTN
00533801,GEF
00533802,GEF.B
00534201,MGI
00539501,GYRO
00540801,HMG
00543901,HAL
00549201,LHX
00549601,HSC
00551801,HAS
00552001,AMOT
00552301,HVT
00552302,HVT.A
00552601,HE
00553001,HWKN
00553901,HCSG
00554301,WELL
00555904,STRL
00556001,HL
00556701,HEI
00556702,HEI.A
00556804,KHC
00557201,HELE
00558101,HP
00559701,HSY
00560601,HPQ
00560801,HXL
00563901,HRC
00564304,HLT
00566701,HFC
00568001,HD
00569001,HNI
00570901,HRL
00574201,CNP
00575002,HOV
00576301,UBP
00576302,UBA
00576401,HUBB
00578301,JBHT
00578601,HBAN
00578801,HURC
00579201,HBP
00583101,IEC
00584901,BVH
00586001,ITT
00586201,RYN
00587001,IDA
00587801,ITW
00588801,TLGT
00590303,IMO
00595901,TT
00596803,RYI
00597801,AEGN
00598701,GFF
00600801,INTC
00601302,INS
00603401,TILE
00606601,IBM
00607801,IFF
00608101,NAV
00610001,IDCC
00610401,IP
00613501,ENB
00613601,IPG
00615801,IVC
00621601,J
00622301,EME
00623302,SRL
00626601,JNJ
00626801,JCI
00630401,KLAC
00631004,KMI
00631101,PNRG
00632601,KAMN
00633501,KSU
00633801,EVRG
00637501,K
00637901,KELYA
00637902,KELYB
00638601,KMT
00641001,KEQU
00641601,KTCC
00643301,KBAL
00643501,KMB
00646101,KEX
00649701,KOSS
00650201,KR
00650901,KLIC
00652701,LYTS
00652801,LXU
00654301,LZB
00654701,SR
00656501,LRCX
00657301,LANC
00661701,LAWS
00663901,LEE
00664901,LEG
00666901,LEN
00666903,LEN.B
00668201,JEF
00673001,LLY
00673301,LB
00673701,LECO
00674201,LNC
00677401,LMT
00678101,L
00678801,RRC
00682101,LPX
00682901,LOW
00683101,LUB
00684501,LDL
00684801,LGL
00686501,MDC
00686701,MDU
00690001,MTSC
00693201,MGEE
00694601,MGA
00699401,MTW
00701701,MRO
00702201,MCS
00703401,MARPS
00706301,HST
00706501,MMC
00708501,MAS
00711601,MAT
00711701,MLP
00713801,MAYS
00714601,MKC
00714602,MKC.V
00715401,MCD
00716101,MGRC
00716301,SPGI
00717101,MCK
00718501,GENC
00722801,MDT
00724101,CVS
00725701,MRK
00726001,MDP
00727501,MLAB
00727701,MTR
00727901,MSB
00729101,MEI
00729501,EVI
00730901,MXC
00731501,SIEB
00731602,MIK
00734301,MU
00736601,ETR
00736801,MSEX
00740101,MLHR
00742001,MSA
00743501,MMM
00743701,ALE
00748601,MOD
00752501,MNR
00752601,QDEL
00754901,MOG.A
00754902,MOG.B
00758501,MSI
00762001,MUR
00763201,INTG
00763601,MYE
00763701,VTRS
00764701,BAC
00764801,NCR
00765802,NL
00766201,BMRA
00768501,NSSC
00769601,NATH
00773301,NFG
00774101,NHC
00775001,THC
00775901,GPX
00776201,NPK
00779901,NATR
00784901,NJR
00786601,NYT
00787501,NWL
00788101,NEM
00788202,NR
00790601,NKE
00792101,NDSN
00792201,JWN
00792301,NSC
00793801,NC
00795101,MOV
00795901,NRT
00797001,ES
00797401,NI
00797701,XEL
00798201,NTRS
00798501,NOC
00799101,TEX
00799301,NWN
00800103,NWE
00800701,WFC
00803001,NUE
00806001,NEWT
00806801,OXY
00807301,OBCI
00807901,OII
00808702,ITI
00809203,VTOL
00809901,FE
00810501,ODC
00811301,OGE
00812301,OLN
00814801,OLP
00815101,OKE
00819901,OTTR
00821009,OSG
00821301,OMI
00821406,OC
00821502,OI
00821901,OXM
00822901,PFIN
00824501,PNC
00824701,PPG
00825301,PCAR
00826401,PCG
00827201,SRE
00833401,PAR
00834801,PKE
00835001,PKOH
00835801,PH
00838601,PATK
00838711,GDP
00840201,PAYX
00843101,AFG
00844005,PVAC
00845501,PPL
00845701,PEI
00846301,PNR
00847901,PEP
00848601,TPC
00849301,PBT
00851201,PDCE
00853001,PFE
00853901,EXC
00854201,WTRG
00854301,MO
00854901,COP
00855101,PVH
00858201,SENEB
00858202,SENEA
00859901,AGYS
00860502,PIPR
00860601,PBI
00861101,PW
00863301,PLT
00864401,KGC
00866101,IPDN
00869201,PCH
00869901,POWL
00876201,PG
00880701,PNM
00881001,PEG
00882301,PHM
00882601,PCYO
00883201,AGX
00885001,KWR
00885801,NXGN
00886401,ASYS
00886702,QMCO
00889201,RCMT
00889801,RJF
00890101,RES
00890201,RPM
00894701,USLM
00895801,RAVN
00898701,IHT
00901601,RBC
00902301,RGS
00906301,AN
00912501,RELL
00915501,RAD
00917101,RGCO
00920301,ROK
00921501,RCI
00921601,ROG
00922501,ROL
00924801,ROST
00927301,RGLD
00929901,R
00931701,SEIC
00932401,SJW
00934601,SBR
00935501,SFE
00939301,SJT
00946501,SLB
00946601,SCHL
00953801,SEB
00955102,APPS
00955501,SEE
00959001,IIN
00959901,SMTC
00961101,SCI
00961901,SVT
00966401,SHEN
00966701,SHW
00969801,SIF
00972802,MUX
00977102,AOS
00977701,SJM
00977801,SNA
00978301,KEY
00981501,SON
00983101,SJI
00983102,SJIU
00984601,EIX
00984901,AWR
00985001,SO
00988201,LUV
00989001,SWX
00989901,T
00990401,SWN
00991901,SHYF
00996902,STAA
01000001,SMP
01000801,SXI
01001601,SWK
01003001,SCX
01003501,STT
01005601,SCL
01008601,STC
01009601,PSA
01011501,SYK
01012104,NAVI
01012401,RGR
01019501,SUP
01019801,SGC
01022102,SBOW
01023501,TPHS
01023601,SYNL
01024701,SYY
01030501,TSRI
01034901,TAYD
01035301,TISI
01036401,TCCO
01038001,SSY
01038501,TECK
01039001,TRC
01040501,ATI
01040701,TFX
01041101,TDS
01044101,TNC
01044301,TEN
01045301,TER
01049901,TXN
01050401,TPL
01051901,TXT
01053001,TMO
01054901,THO
01056502,TDW
01056704,SIX
01058101,TKR
01060901,TR
01061401,GL
01061801,TTC
01067101,TRP
01068501,TRNS
01073501,TRN
01074001,TRT
01076101,VNRX
01077701,TWIN
01078901,TYL
01079301,TSN
01079504,UAL
01080101,UGI
01083201,UNAM
01083901,UFI
01084001,UNF
01086001,AEE
01086701,UNP
01089401,UDR
01090201,UG
01090301,UNH
01091601,UMBF
01091701,UMH
01092001,UPS
01093001,UAMY
01093801,USEG
01098301,RTX
01099101,SGMS
01099901,UTL
01101201,SXT
01101701,UVV
01102701,UUU
01103201,UHS
01105101,UTMD
01106001,VFC
01106501,VSEC
01109401,VMI
01109901,VALU
01111501,VAR
01112401,VECO
01117801,VLGEA
01118501,VIRC
01119101,VSH
01121301,VOLT
01122001,VNO
01122801,VMC
01123401,WDFC
01125901,WMT
01126401,WBA
01130001,GHC
01130101,WRE
01130401,AVA
01131301,WSO.B
01131302,WSO
01134001,WRI
01134301,WMK
01137201,GBR
01137601,WST
01139901,WDC
01145501,WEYS
01145601,WY
01146501,WHR
01149901,JW.A
01149902,JW.B
01150601,WMB
01151101,WSM
01153701,WGO
01153802,JAX
01155001,WEC
01155401,LNT
01156601,WWW
01158001,WWD
01158401,FL
01160001,WOR
01163601,XRX
01164901,YELL
01165701,YORW
01167001,SPB
01167201,TJX
01168701,ZION
01170301,FLUX
01172101,OSK
01172901,WTM
01174501,QLYS
01175601,ALEX
01177001,SF
01178101,OVV
01179602,LCII
01181101,JKHY
01184201,ASB
01185401,NMIH
01185601,TFC
01186101,VLY
01187201,ARKR
01187702,BXG
01189601,FMBI
01192201,NGVC
01197601,RMCF
01203501,RBB
01208101,LAND
01209601,ELA
01212301,BIG
01212401,MS
01213801,TROW
01214001,NNN
01214101,MSFT
01214201,ORCL
01215101,COTY
01218101,RGEN
01225201,XOMA
01226201,ASTE
01226601,WERN
01229401,MPLX
01230401,DLHC
01232101,VGZ
01237701,REFR
01237901,AMWD
01238901,HOG
01239201,SKYW
01239501,TOL
01240701,GROW
01242101,KSPN
01242804,POR
01243301,VIVO
01244101,IT
01244501,WTS
01245801,PDEX
01245901,NVR
01247101,INT
01248201,CLFD
01248512,ATUS
01252202,RADA
01254001,ADBE
01254401,JOE
01256801,DJCO
01257502,CYAN
01257801,VHI
01258901,EHC
01259701,LAKE
01259801,PTSI
01260304,CNO
01261501,MHO
01262501,MRTN
01263501,FISV
01268901,KBH
01271101,CVM
01271301,ABEO
01271701,ANIX
01271901,APYX
01272601,UNM
01275601,CCEP
01276101,STKL
01278501,PPC
01279603,CLGX
01281801,ISR
01282501,JJSF
01283301,DKL
01284001,HTLD
01285001,CERN
01287401,ICAD
01289201,SUN
01290901,MKL
01291501,OSUR
01292601,FRPH
01294501,PLXS
01295602,IOR
01296401,CDZI
01297201,IMKTA
01298701,XSPA
01304101,SNV
01307101,RDNT
01309203,JACK
01312501,PEAK
01314201,CMO
01318901,CDR
01320001,PLAB
01323502,ICCC
01323901,KRMD
01332301,SAFM
01334101,PGR
01334201,RLI
01335401,VOXX
01340001,ASM
01342101,CDNS
01343103,BRY
01345301,OPY
01346001,PED
01348001,EBIX
01348401,SNGX
01349801,CCL
01351001,DRE
01352001,CMCL
01356101,MBI
01356201,BDN
01357001,MIDD
01357901,EQC
01358001,UHT
01358201,CPSH
01360201,CRMT
01361901,ABMD
01362301,CNMD
01364601,TIF
01364901,NHLD
01370001,XRAY
01370901,IEP
01371001,FUN
01371401,VIACA
01371403,VIAC
01372101,ZTS
01373301,PMD
01376502,NAII
01378601,HRTX
01379401,THMO
01382401,FICO
01383501,RGLS
01387101,SMLP
01388801,COOP
01390601,JOUT
01396301,VGR
01397103,MEOH
01398801,SCHW
01401001,TGA
01402701,CLH
01408401,AIN
01410801,CYBE
01411301,MITK
01417201,FULT
01421901,BXS
01422501,FAST
01422901,TATT
01425301,WABC
01425601,MXIM
01426904,HLF
01427504,FRC
01428201,APH
01430902,IPAR
01431101,PII
01431301,OSB
01432001,ICPT
01433001,WFG
01435301,SJR
01435902,PXD
01436901,USM
01437001,MAN
01439001,FTS
01439101,TAC
01440101,ITIC
01440301,DX
01441801,MGM
01447701,WM
01448908,DELL
01450101,NUZE
01453501,SSP
01455101,SAMG
01456101,IIVI
01456302,MERC
01459002,FCX
01459201,AB
01460301,CDMO
01462401,ODP
01463901,NEN
01479001,MTH
01479306,ARCH
01479401,CMT
01482201,WRB
01482401,CINF
01482801,ORI
01489101,MGPI
01489801,DDD
01492402,NTP
01493401,DVN
01495401,LNN
01496001,LH
01498302,CSBR
01504401,WDAY
01505501,CNQ
01506001,CPE
01507001,SU
01508701,LWAY
01510101,MFA
01511101,RPT
01514201,STAR
01515301,AGM.A
01515303,AGM
01517207,FCAU
01519901,SRCE
01521201,CAPL
01524002,WWR
01524701,VLO
01525203,TRS
01526701,IEX
01532701,BNSO
01534301,MLI
01535001,BPT
01536301,TCF
01536401,ARGO
01541401,TECH
01541701,BRO
01542001,AMBA
01545901,TG
01548901,HGEN
01552001,SIG
01553901,PRTK
01554301,SRAX
01557601,DB
01558001,BMO
01558101,CM
01558201,BNS
01563301,RY
01570401,TRI
01570601,TD
01582401,HGBL
01585501,NLOK
01600901,SPWH
01601501,QRHC
01606601,MRCC
01610101,ABBV
01611301,APAM
01611601,CONE
01612501,GMRE
01614901,OFS
01615001,SCM
01618801,CGNX
01622501,WES
01624501,PBCT
01626901,ENTA
01638401,VOYA
01640101,CRUS
01645301,NEOG
01645602,HNGR
01647603,LEVI
01647703,LEA
01647801,EOG
01648601,BCC
01653101,ZIXI
01654901,SFBS
01658201,NTR
01659701,LSCC
01660801,WHF
01664101,ATAX
01665301,TMHC
01666801,AROW
01667101,AAME
01668901,NBN
01669801,BMTC
01670001,RESI
01670501,CPF
01671001,DGII
01671401,DGICB
01671402,DGICA
01672001,AAMC
01672101,EA
01673801,HMHC
01674501,PRTA
01674801,CNBKA
01677501,CIA
01677701,FBNC
01678101,CHCO
01679001,CBU
01682101,FBP
01683201,GBCI
01684501,FRME
01684801,TVTX
01688401,LFT
01688901,INDB
01689001,IBCP
01694701,ATNM
01696701,HIFS
01697201,ANY
01698101,OFG
01698901,PEBK
01700101,FUBO
01701001,LSXMA
01701002,LSXMB
01701003,LSXMK
01701201,XONE
01703501,MCY
01707201,NSEC
01707301,NWLI
01709501,ONB
01710101,IMGN
01710601,PEBO
01711501,SIGI
01712001,SIVB
01713101,IHC
01713201,WSFS
01714501,WAFD
01715001,WBS
01715101,WSBC
01717301,ACNB
01717501,KTRA
01718001,SNFCA
01718401,SBCF
01718501,XXII
01719501,FFBC
01719901,BLFS
01722801,TALO
01724001,TMP
01724501,TRST
01724801,UBSI
01725201,UFCS
01726901,ASRV
01727701,NVEE
01730601,PFSI
01734102,ARTNA
01736701,AMNB
01737601,MRIN
01740801,NVGS
01742201,PME
01743801,BDGE
01745101,IBTX
01745401,KNOP
01748501,DRIO
01749801,CMRX
01753401,CCNE
01755301,MODN
01755601,BPY
01759401,RBNC
01762601,AHH
01763901,AMH
01764101,BKSC
01765101,RZLT
01765301,ADMA
01768701,HMTV
01769601,TSC
01771501,CVLY
01772401,CNOB
01772701,EKSO
01775401,AEYE
01776901,HASI
01780801,EPZM
01781101,ECOM
01782601,NXE
01786601,EARN
01787401,TMUS
01787501,NCBS
01787701,CHMG
01787801,NRZ
01789001,IKNX
01789601,HCAP
01791001,HTBX
01792801,IQV
01793301,PSXP
01793401,SFM
01795601,FI
01798701,ESBK
01799701,CSTM
01799801,BLUE
01800401,CCS
01800901,NSTG
01803601,COMM
01803701,CZNC
01804001,FRBK
01804301,NWSA
01804302,NWS
01804701,NDLS
01804901,FNB
01807101,REXR
01807301,CHMI
01814401,GLG
01814501,DOC
01815901,AGIO
01816201,ESPR
01817101,NWHM
01817201,ONTX
01817301,EVOK
01818201,FDBC
01818401,NGHC
01820401,ANIP
01823101,WTER
01824101,FCF
01826401,FVCB
01827001,MBII
01827601,THFF
01828901,ASC
01829001,DSS
01829301,CWEN.A
01829303,CWEN
01830601,SC
01830701,FLIC
01831201,USFD
01831501,PGEN
01832001,FOXF
01832101,CINR
01832301,OCSI
01832901,BUSE
01835101,EQX
01835801,FUNC
01838301,BRX
01838501,FRAF
01839801,EAST
01842401,LPCN
01843001,FPRX
01843401,ALRS
01844101,TPRE
01846501,AR
01846801,PAGP
01848701,FEYE
01849001,NXTD
01849401,IRT
01849801,MUSA
01850901,IPWR
01851001,XLRN
01853301,HBNC
01854901,CLRO
01855601,CHGG
01856101,BNFT
01856201,FATE
01856401,AAOI
01857201,ISEE
01857301,QTS
01857801,RMAX
01862401,PINC
01862601,GLOB
01862901,LGIH
01863001,RNG
01865801,MGNX
01866601,TRXC
01867501,BURL
01868301,SAIC
01868901,VEEV
01869501,CBFV
01869901,PTC
01873201,LKFN
01873801,AIKI
01874501,ESNT
01874901,AERI
01877901,CPTA
01879201,GLPI
01883901,PBPB
01884201,TCS
01886901,WIX
01887201,TWTR
01887501,EXPI
01887801,GLYC
01888501,CUEN
01888801,AMRX
01889201,TKAT
01889901,TNDM
01892501,TRVN
01892601,DLNG
01893001,KPTI
01893801,XNCR
01894701,VCYT
01897801,STKS
01898301,OXFD
01900001,MMI
01902501,REPH
01903301,MOXC
01904401,VRNS
01907101,CWH
01908401,BHR
01909401,NBTB
01911701,BIOC
01912902,HNRG
01913701,OVBC
01914301,KIN
01914901,RARE
01915001,OSBC
01915401,CARA
01915901,PWOD
01916802,TACO
01917201,AMRK
01917501,VNCE
01918401,CELP
01920501,CAPR
01920901,NTIC
01926201,CTBI
01926701,DRTT
01927301,ENBL
01927401,INGN
01927501,BRG
01930501,PLPC
01931801,PRK
01935501,SFNC
01939101,MBUU
01939801,DENN
01940201,GIII
01941201,ITCI
01942501,GNCA
01942801,GSBC
01943101,PPIH
01943301,PHX
01944001,LADR
01945801,SESN
01946701,COCP
01947001,DRNA
01947101,RVNC
01948401,FTAI
01950701,OUT
01951101,FLXN
01951601,IBP
01951701,OGS
01951801,KN
01952502,AGFS
01952601,FPI
01952801,FGF
01953401,CNCE
01954901,BIVI
01957001,STBA
01957401,GCI
01957801,TPCO
01958101,LE
01958201,CTRE
01960001,CBAY
01960201,HEAR
01960501,RAND
01964701,LC
01964901,SABR
01971202,OXBR
01971301,AUB
01971701,NLTX
01971901,RESN
01973001,PCTY
01974701,QUOT
01975201,ICMB
01975301,MGNI
01976101,HEPA
01977101,GLMD
01977301,CSLT
01978401,EGRX
01980001,CPLG
01980201,RMNI
01981501,FCBP
01981701,UVSP
01983201,ARAV
01984901,ATEN
01985101,CIO
01985801,VRTV
01985901,AKBA
01987301,WASH
01987701,QTWO
01988101,TWOU
01990601,GRUB
01990801,FIVN
01992501,TPVG
01992701,MC
01993501,ENLC
01996601,CMCT
01996701,AGTC
01997401,TSLX
01997701,WATT
01998801,MDWD
01999801,MEDP
02001001,AGRX
02001101,TMST
02001801,ALDX
02001901,CVBF
02002001,CVEO
02002901,CSWC
02004001,SCYX
02004201,ADMS
02004401,BGSF
02008801,BOX
02008901,TMX
02009601,CGC
02010501,FSK
02010901,CCBG
02011501,PAHC
02011601,PAYC
02012601,WMS
02013001,AY
02013502,QTNT
02014301,MTBC
02014701,SDPI
02017901,GLOP
02018501,SMG
02020401,ICON
02021401,ERF
02022501,NERV
02022801,CTLT
02022901,ZEN
02023201,KEYS
02023301,TBPH
02023501,DNOW
02029801,PE
02029901,LOB
02033801,PRMW
02034401,WPG
02041201,ARES
02042001,OEC
02042201,HRTG
02043001,SLM
02044101,GWGH
02047301,WLKP
02048801,GSS
02049601,ATTO
02050201,RYAM
02051702,LMB
02053401,VNOM
02053901,PBFX
02054001,TRUE
02054801,COG
02055402,NAOV
02056701,MRNS
02057001,MDCA
02060001,NG
02062102,DMTK
02062801,ISTR
02064401,GPRO
02064501,ARDX
02064901,SNDX
02065303,DEN
02065501,NEP
02065901,AMPH
02066101,VEC
02067001,PAAS
02067701,FFWM
02068601,SYF
02069201,KE
02069501,PDS
02069603,DOOR
02069901,LTRPA
02069902,LTRPB
02072001,RLMD
02074001,SPKE
02074801,ANET
02075601,MTNB
02077901,CSCO
02079101,BXMT
02082301,HQY
02089802,SLNO
02090401,HOLX
02093501,TRUP
02094301,SAGE
02094401,SHLX
02094501,IRMD
02095901,PLYM
02096001,CNNE
02096101,ATEX
02100001,HSDT
02100201,CYBR
02100301,ZSAN
02100401,LNTH
02100601,XENT
02101201,ATRA
02101501,OCUL
02101901,BSIG
02102001,ADVM
02103201,VKTX
02103301,TTOO
02103501,RMBL
02104201,AKTS
02104801,HMLP
02110301,RWLK
02111801,AXDX
02112401,LOCO
02114501,OTIC
02116501,ICD
02117801,NBEV
02120801,EARS
02120901,VBLT
02122302,CFRX
02122701,LBRDA
02122702,LBRDK
02123202,NTN
02123701,TTI
02123801,VICR
02124101,CGA
02126301,PBLA
02128201,EYEG
02135201,AVNS
02142101,EYES
02142901,GVA
02143102,CRC
02144001,LSTR
02150301,KMPR
02151501,UNVR
02152201,VYNE
02152401,PRQR
02154001,W
02154201,AAON
02154701,MDLY
02155401,CREX
02157701,OGI
02159301,CIVB
02160101,RYTM
02160401,PGRE
02161601,GWB
02162701,CALA
02162801,USDP
02163001,STOR
02163301,VBTX
02163501,AFMD
02173901,PRAH
02174301,NVEC
02174401,XENE
02176101,CDK
02177701,MMSI
02179801,FRPT
02179901,VCTR
02180701,CTXR
02180801,CZR
02181501,TBK
02182401,BSGM
02182501,CFG
02183301,HESM
02183401,TUSK
02183801,VIVE
02184101,CHRS
02184701,HUBS
02186401,GIB
02189801,BOOT
02190101,FGEN
02190401,PANL
02191601,NVRO
02196501,CCRC
02196701,PYPD
02198401,VERB
02200001,WK
02202501,SNR
02203501,CRBP
02203701,SIEN
02203901,SYNH
02204001,UPLD
02204701,GRBK
02205302,MCF
02208201,JYNT
02208601,IBOC
02211401,NMRD
02211901,AINC
02212401,LMRK
02213401,AXTA
02213801,TANH
02215501,FND
02218001,UFAB
02218201,NEWR
02220101,ICBK
02220701,TBI
02225801,BLCM
02226004,HCA
02228401,SND
02231801,RELI
02232501,XLNX
02237301,GNSS
02238701,APHA
02243901,CURO
02244702,PARR
02244901,ACB
02245901,UE
02246001,CRON
02254301,GTIM
02257001,AAU
02258301,GMS
02259001,PIRS
02260301,SUM
02263201,LCI
02263801,ZI
02265301,VSTO
02267101,ESTE
02267201,SHAK
02267401,DEA
02267602,CHEK
02269701,TCON
02270301,GP
02270401,AVGR
02270801,INOV
02271301,HTGM
02271701,SYBT
02273101,PATI
02274101,CC
02278301,KEN
02280301,CWBR
02281501,TRMB
02281701,VERU
02285301,AJX
02286101,CKX
02286701,NVTA
02287901,GRNQ
02292701,BLPH
02296401,EPIX
02297501,FNWB
02298301,XHR
02302701,EXPO
02307101,GDDY
02307701,UNIT
02308301,ENR
02308401,BHE
02308601,NXRT
02309301,FRTA
02309801,RKDA
02310601,VRAY
02310901,GEN
02311901,SEDG
02314701,NSA
02316701,BLBD
02319501,MTRX
02320801,BNED
02322401,ESE
02322501,CABO
02322601,INUV
02323801,ETSY
02324101,OPGN
02324301,KRNT
02324501,BLD
02324701,PJT
02324901,LITE
02325201,ETH
02329101,BIOL
02329601,EVA
02329701,XBIT
02333701,TYME
02333901,KMPH
02335301,GSBD
02335801,CDTX
02337001,TYHT
02340701,BPMC
02343201,VIRT
02343301,BSM
02345001,NRIM
02346401,OPRX
02348501,CVA
02350001,CATY
02354001,HZN
02354601,CDAY
02355201,PFHD
02355501,COLL
02355601,CHCT
02355701,DTEA
02358702,HAYN
02360701,DUOT
02362301,SMTI
02362701,LIFE
02365001,SHOP
02369801,ALTA
02370502,PAVM
02371401,CYH
02375301,DORM
02376801,PICO
02379301,PSB
02380901,AZO
02381001,IO
02381201,REGN
02381801,EVH
02384301,WING
02385601,FIT
02386401,EXTN
02386501,BW
02393301,SIOX
02397701,APLE
02397801,X
02398001,CATB
02399001,GKOS
02399601,GNL
02400501,AXAS
02402101,HAE
02402801,MDWT
02404001,IONS
02407101,APPF
02407301,GPP
02407601,OLLI
02408301,VERX
02408401,CFMS
02409901,LCUT
02411601,FSV
02413501,ALRM
02414201,MYT
02415701,FCFS
02417101,DBI
02417601,NTRA
02417701,MCRB
02419701,IDXX
02420401,ISIG
02421601,AES
02422501,CRVL
02423201,HWC
02423301,STFC
02423401,IMBI
02424901,TDOC
02427701,PROF
02428708,AMBC
02429101,DIN
02429303,KALU
02430201,ALKS
02431601,MNST
02433001,SRG
02434401,VRTX
02435001,MNRO
02435101,LIND
02435201,PRGS
02437001,CCJ
02437901,MTG
02439601,TVTY
02440501,ZBRA
02441502,BMCH
02442101,BOXL
02442201,AQMS
02442404,RBAC
02442801,AEY
02443001,EZPW
02444001,PRA
02444702,BOKF
02445801,SPNE
02446301,FIZZ
02446801,BIIB
02448101,MSGS
02450101,RPD
02450601,PULM
02450801,OOMA
02451501,VTVT
02452301,CHMA
02453301,NHI
02455201,DSKE
02459801,BCDA
02459901,AGLE
02460101,CSWI
02461001,WTT
02461101,FLOW
02461601,PYPL
02461701,ODFL
02462001,RHP
02463801,TRU
02465801,IDEX
02466001,JAN
02467801,HMN
02470801,ATNI
02472001,WNC
02472401,LILA
02472402,LILAK
02472501,WRLD
02473101,KIM
02475001,WETF
02475501,JBSS
02478201,PRGO
02478301,TTEK
02479501,AMSC
02480001,QCOM
02481901,MOGO
02482501,OFC
02483701,AHPI
02484403,SPOK
02485601,GILD
02486101,PLNT
02489001,MSON
02490102,LMFA
02490501,RUN
02491101,MCFT
02492501,ROP
02496601,GOVX
02497501,SNPS
02497801,ELY
02498001,CRT
02499601,LCTX
02502701,LFVN
02503001,VRTS
02506901,USAK
02509201,TGB
02510501,CNFR
02511001,ICUI
02511901,MHK
02512401,LIN
02512801,ZYNE
02512901,SRRA
02513001,CNR
02513801,ASUR
02516601,KOPN
02517301,RNST
02518001,AGCO
02520101,CASS
02521901,HLI
02523401,BKE
02527401,OLED
02527901,BSX
02528301,KSS
02528901,VBIV
02530201,INTZ
02531301,STE
02531801,USPH
02532701,PVBC
02533101,FC
02533201,LOOP
02533801,BBBY
02533901,CACC
02534001,DHI
02534801,NK
02534901,GBT
02536701,MGIC
02537601,COLB
02537701,NEOS
02538903,GPK
02540601,JCTCF
02542402,TWNK
02543001,FCEL
02543401,SBUX
02546201,STRS
02546601,RACE
02547201,CVLB
02548101,NKSH
02553601,CENT
02553603,CENTA
02553801,SYTA
02557201,WIRE
02558901,AREC
02563201,KW
02563301,OHI
02564501,ACI
02566501,LTC
02570901,EQS
02572601,CVU
02573701,CAKE
02574001,BHTG
02574701,LFUS
02574901,ASGN
02575001,APTO
02575101,BLX
02575601,PSTG
02585201,CPSS
02587001,MTX
02588001,PDCO
02589301,SITE
02589501,RDN
02589801,SGRY
02590401,ACRS
02591501,QUMU
02592201,KAI
02592401,NAVB
02593501,GURE
02593702,LGND
02596405,GTLS
02597901,PESI
02599901,CBIO
02601301,SM
02601601,UVE
02602101,CKH
02603701,HMSY
02604501,ULBI
02606101,MTCH
02607101,FCBC
02608101,KURA
02611201,CTMX
02612301,NVCR
02612601,ARA
02614401,HOME
02614601,RGNX
02614701,PEN
02614801,NBRV
02614905,CERC
02615601,HPE
02616201,ANAB
02616701,BRP
02617901,SMBK
02621802,LAZY
02627001,ABTX
02630501,LAUR
02633201,SILV
02633501,DLTH
02633601,PLXP
02634001,WVE
02634101,VYGR
02634301,AFI
02634701,EQBK
02634901,AXSM
02635601,ARTL
02635901,APLS
02636101,RRR
02636401,CNNB
02636701,SQ
02636801,MIME
02638501,MRUS
02641001,FCPT
02641101,NBLX
02641301,AC
02641501,DTSS
02643401,PXS
02647502,CLPR
02649401,TEAM
02649501,WBT
02650901,ELVT
02652001,SMIT
02652801,XGN
02653901,EGO
02654501,RMR
02656701,FRHC
02659001,FTV
02663601,SENS
02665801,AGR
02666901,OCX
02667401,NISN
02667601,AZRE
02667701,SCWX
02672101,BBU
02672201,ACIA
02674601,NTNX
02674901,HRI
02675301,GSM
02676801,SSRM
02678801,TRHC
02679801,CLSD
02680901,DFFN
02681201,GCP
02681702,OTLK
02684701,TCMD
02686402,CDEV
02687301,MBRX
02687401,EDIT
02689201,RETA
02689501,CRVS
02690802,SRTS
02691401,TRX
02692001,CRTD
02701401,ATKR
02704501,MGP
02704601,EIGR
02711101,MCBS
02711901,NGVT
02715501,NTLA
02718601,BATRA
02718603,BATRK
02718701,FWONA
02718703,FWONK
02719901,EGY
02723501,BFST
02724002,BALY
02724701,ZOM
02725201,PLSE
02727401,NH
02731801,ZDGE
02733301,ADNT
02733801,APVO
02733901,UAVS
02734501,BPRN
02735401,SELB
02736401,TWLO
02737201,ACIU
02737301,VVV
02738601,JELD
02738701,PI
02739201,SYRS
02739301,HGV
02739401,PK
02747601,KDMN
02755501,KIDS
02757401,TPIC
02757501,GOLF
02757601,SMPL
02760401,HONE
02763801,AA
02764501,RNDB
02765201,KNSL
02765301,YETI
02766501,FHB
02766801,MMX
02767001,PTGX
02767704,XOG
02769901,AZRX
02770301,AIRG
02770601,INSW
02771601,MDGL
02773701,ATOM
02776001,NLS
02777601,RCKY
02778001,SITC
02779001,SGA
02779401,CREE
02780301,DFIN
02781001,LIVN
02782301,CRY
02782801,UEIC
02784101,AMR
02787101,FBK
02787401,EVBG
02787501,ELS
02787702,PMVC
02788501,TTD
02788601,UBCP
02790501,NOVN
02790701,ELF
02791401,HUM
02792501,AVID
02792801,INTU
02793201,HALL
02793801,SCVL
02793901,TENX
02794501,CSTR
02796001,ALG
02796501,MCHP
02797701,BOMN
02798101,CHS
02798301,AEMD
02801201,FLGT
02802201,BANF
02803401,CB
02807001,ASIX
02807101,DZSI
02808401,COUP
02808601,OBLN
02808701,MRAM
02809101,POLA
02811301,CRSP
02811801,FOSL
02811901,BPYU
02813901,SANM
02815501,TCBK
02817601,ATR
02818001,ORLY
02819101,RCL
02819201,HWM
02819401,AVNT
02819501,JBL
02820901,ANIK
02821601,RGA
02823601,GILT
02827801,GABC
02829501,TWI
02832002,CDW
02832201,HR
02832301,AKR
02833801,RIG
02834001,SKT
02834701,FTK
02834901,ALL
02836501,SNES
02836701,IRTC
02836802,GTYH
02837001,PLYA
02837801,LGF.A
02837802,LGF.B
02838001,OFIX
02838401,SPNS
02838501,MAGS
02839701,PZZA
02840801,THRM
02841001,BBSI
02842001,BL
02842101,MYOV
02847701,FLIR
02848501,CIGI
02849901,YUMC
02851501,GRWG
02859001,BCO
02862001,PFC
02862901,CPT
02867001,IIPR
02870401,MCRI
02871701,INOD
02871901,CNDT
02872401,BLDP
02873301,EQR
02874201,BWA
02874901,FLL
02876201,SPTN
02876901,BFS
02878501,WINA
02878702,PFGC
02879001,LW
02880601,ARWR
02881901,FTEK
02883301,CLDB
02886601,CASH
02887702,KDP
02893002,MAR
02894001,BDC
02896701,QCRH
02900401,VREX
02901101,BYD
02901301,CKPT
02901501,DECK
02901601,GECC
02901801,ALBO
02902801,COST
02905201,LXP
02906101,RVSB
02908601,PTN
02909901,REG
02910101,FFIN
02910801,PTEN
02912701,INCY
02913101,ROCK
02913301,ITRI
02915001,URBN
02915101,CNTY
02915501,CARS
02915601,UFPI
02919101,ICHR
02920601,FWRD
02920701,BYSI
02921101,BPFH
02921701,SCHN
02924101,VIAV
02925101,KALV
02927501,PRTH
02928201,NYCB
02929301,MBOT
02930001,WVFC
02935901,SUI
02937501,CASA
02938201,SHOO
02938901,SPG
02939201,EMN
02941801,NDRA
02944901,UFPT
02945301,LNG
02947601,THTX
02949901,AFBI
02950801,PCSB
02951701,MED
02952401,NEX
02955801,PIXY
02956901,YTRA
02957601,NODK
02959801,ICCH
02960901,HAIN
02962101,STCN
02963601,VVPR
02964901,MAA
02966601,INSE
02967001,METC
02968001,WTTR
02968401,JNCE
02968701,APEN
02969801,SGMA
02970501,DAKT
02971801,OBSV
02972101,LYL
02972201,DSPG
02973301,MLM
02973601,TSCO
02975101,ALB
02975501,BZH
02976001,KRP
02980402,IVZ
02981701,HVBC
02983001,WRK
02983501,FBM
02983701,BCRX
02985501,FMNB
02986801,MAC
02987001,ZEUS
02987501,AVB
02989401,NNBR
02990101,CPRT
02991001,SCSC
02991401,LPTX
02993001,MPAA
02994601,LARK
02995501,BHC
02996201,LMNR
02998401,PLD
02998501,STN
02999401,FMBH
03000401,INVH
03002401,TIGO
03003001,SILC
03003201,EXP
03005501,SMBC
03005901,AEO
03006701,ADC
03007501,VET
03007601,HLNE
03009101,SNAP
03009802,IR
03013701,NKTR
03014501,PUMP
03017001,FLEX
03022001,SYPR
03022201,ABCB
03022301,SACH
03024101,TELL
03025901,PENN
03026001,SSD
03026201,IFMK
03028001,REKR
03028101,LJPC
03028401,LBRT
03029301,ESS
03029801,HIW
03031101,VRDN
03031201,IMAX
03036901,CIXX
03038401,FR
03039701,HCC
03041601,HMNF
03043501,JILL
03044301,FDP
03044901,IPA
03046301,GBX
03047301,XPL
03047701,MATW
03049001,AIV
03053601,GEO
03054701,SOI
03055401,TARO
03055801,MLR
03056001,GOOS
03057101,ARD
03057601,ADTN
03061201,AMED
03061401,EFOI
03062201,YEXT
03063701,CLI
03064701,PNBK
03065101,DAR
03065501,AYX
03066201,SIRI
03066401,HEXO
03066601,WVVI
03067101,RS
03071401,TESS
03073601,OKTA
03082201,O
03084701,SSYS
03085701,CARV
03086101,KNX
03087001,AZPN
03087701,CVLG
03089901,HDSN
03092301,FTI
03093201,NWBI
03096201,CADE
03099001,COF
03099801,EEX
03099901,CVNA
03100401,CLDR
03100501,NCSM
03105901,ZYME
03106101,URGN
03109101,VERI
03109401,BHVN
03109501,CDOR
03109901,CPHC
03110801,FPH
03110901,AM
03111201,OVID
03117001,USAP
03117701,SVRA
03121401,MIND
03123601,APPN
03124901,ALT
03125101,KREF
03125202,MGY
03125501,TSEM
03126501,GNTY
03129401,GTHX
03129501,FOCS
03130101,ELDN
03133102,NESR
03134702,ITRG
03134801,MOTS
03136801,HAFC
03138401,SMHI
03138601,AGS
03140201,AGMH
03140501,ATNX
03141801,PRPH
03142401,CYD
03144201,OMP
03145301,NSIT
03145701,SSTI
03146001,RCII
03146601,WOW
03147701,BRKS
03149401,SGH
03150701,NINE
03151901,AUY
03152101,SNEX
03154201,CODX
03156401,ACIW
03156701,STRT
03158501,BY
03158701,DLTR
03160601,ESQ
03160701,NATI
03162401,APRN
03162601,CHNR
03162801,MRSN
03162902,RDI
03162903,RDIB
03165601,ALRN
03167301,ABC
03170301,GFED
03171801,ATLO
03173801,TAIT
03175201,CBZ
03176401,BMRC
03177201,NEWA
03177401,BHF
03177501,ISNS
03180301,ADV
03180501,MYO
03181901,CGBD
03182301,VNTR
03182601,ZKIN
03183901,FFBW
03184301,HLIT
03184501,RNGR
03184601,DRI
03184801,ATXI
03188701,RMD
03189501,BHB
03191401,AFIN
03195801,SAFE
03196601,TRTX
03198201,SOLO
03199401,GPMT
03201401,USAU
03201801,KALA
03207401,XELA
03207801,PRPO
03209802,BBCP
03210201,RDFN
03210601,BKR
03215401,JBGS
03219301,CLXT
03221901,PETQ
03222802,AVCT
03223301,DARE
03224401,NEXT
03224501,ALPN
03225301,PDLB
03225401,GNPX
03226701,MTEM
03227101,ACHV
03227301,TRMT
03228301,HUSN
03228501,PQG
03229401,RETO
03229801,ARPO
03231501,PETZ
03231601,JAGX
03232101,MDNA
03232201,CSSE
03233201,DESP
03234501,BRQS
03234701,MBIO
03234801,KRYS
03235201,HBB
03235601,CELC
03236501,SYBX
03237201,CEIX
03238201,ROKU
03238301,DCPH
03239501,ADIL
03239601,HJLI
03241301,BPMP
03245101,OPTN
03245601,FUV
03245901,ACER
03246901,SWCH
03250201,ANGI
03251901,MCB
03252501,SPRO
03252601,MDB
03252801,FNKO
03252901,ALNA
03253001,ALTR
03254101,CARG
03254701,NEXA
03255802,PACK
03256302,BRPA
03257101,BAND
03257401,EYE
03258001,VICI
03259201,FAT
03259501,RSF
03260001,CBTX
03260101,SCPH
03260803,OSW
03261001,AQUA
03261901,MBIN
03263801,ACMR
03264001,IFRX
03264101,SAIL
03264701,AIHS
03266501,MRBK
03267401,CUE
03268801,SFIX
03269801,SBT
03271501,ARCT
03273802,LACQ
03274801,NMRK
03274901,ENTX
03275101,ILPT
03276301,LBC
03276701,EQH
03277101,WSC
03277501,DNLI
03279201,QTRX
03279501,ODT
03280401,SIC
03280901,AMEH
03281901,DOGZ
03282201,FAMI
03284301,CAAP
03284601,PCSA
03285101,OSS
03285201,AKU
03285501,AVYA
03285801,ELOX
03286001,VMD
03286101,EYEN
03287201,SXTC
03287801,BTBT
03288401,PAGS
03288601,GTES
03289401,SLDB
03289701,SLGL
03290101,SLS
03290801,RCKT
03291901,EOLS
03293001,ADT
03293501,CDLX
03293801,WHD
03294002,CRSA
03294101,BTAI
03296101,EVFM
03298001,COLD
03298401,NBSE
03303701,ZS
03304801,NMTR
03305601,CLBK
03306601,CLNC
03306701,FTSI
03306801,PRPL
03307301,ONDS
03308101,CCNC
03311001,STEP
03311401,VXRT
03313101,BWB
03313301,RCUS
03313802,BFI
03315201,DBX
03315501,ENOB
03315901,IBEX
03317501,SPOT
03318401,RFL
03322502,TDAC
03323201,ZUO
03323301,RDVT
03324001,FIXX
03324301,WH
03327201,LEVL
03327402,SURF
03327501,SMAR
03327901,IEA
03330101,DOCU
03331601,STXB
03331701,UBX
03332601,CHX
03333701,ORCC
03342001,LASR
03342101,GSHD
03342401,ROAD
03342501,LOVE
03342801,PRT
03342901,BBIG
03343501,INSP
03343901,PRSP
03344401,EVLO
03344501,SRRK
03344601,PS
03344701,KNSA
03344901,USAC
03345901,OBNK
03346601,ITRM
03346701,XAIR
03347601,JRSH
03349901,XCUR
03350001,MGTA
03352801,EDRY
03353101,GSKY
03353201,CLPS
03353301,EVOP
03355001,WRAP
03359501,MGTX
03359601,CHRA
03359701,VRCA
03359801,USX
03360001,TCDA
03360101,TBIO
03360201,CBMB
03360301,DOMO
03361001,AVLR
03361401,ECOR
03362401,HYRE
03362501,AMAL
03363101,KZR
03363401,HUGE
03363701,BV
03363801,IIIV
03364101,EIDX
03364301,APTX
03364701,VNE
03365201,SKY
03365701,AVRO
03366001,XERS
03366801,BE
03368401,EPRT
03369102,LFAC
03369302,RPAY
03369401,EVER
03369501,CCB
03369801,STIM
03370301,TLRY
03370401,MYFW
03370601,NAKD
03370801,RVI
03371801,BJ
03371901,REPL
03372001,RUBY
03372101,ALLK
03372301,CRNX
03372401,CNST
03372501,WISA
03373301,LEGH
03373402,NFH
03374301,AQST
03374901,BNGO
03375001,IAA
03375101,PRVB
03375601,WAFU
03375901,TENB
03376302,TOTA
03376601,ARLO
03376701,SONO
03377901,ESTA
03378001,VCNX
03378101,TBLT
03380901,CWK
03381001,LQDA
03381601,UROV
03381701,PHCF
03382401,RMED
03385501,ARDS
03386902,MFAC
03391101,IMXI
03395101,FTDR
03395501,ELAN
03396201,MESA
03398002,LOAC
03399701,ETON
03399801,YVR
03399901,AMTBB
03399902,AMTB
03400301,MDJH
03401001,CRK
03401601,ETTX
03402302,TZAC
03402901,FTCH
03403001,HFFG
03403401,FLMN
03403801,PLIN
03403901,ARCE
03404801,LTHM
03405301,REZI
03405501,KLXE
03406501,STRO
03407601,EB
03407701,ARVN
03407801,INMB
03408201,GRTS
03410101,UPWK
03410201,GH
03410301,APM
03411801,KOD
03413201,BSVN
03413301,LKCO
03413501,YMAB
03414001,SVMK
03416001,OSMT
03416101,ALLO
03416301,IMAC
03416401,EQ
03418901,CBNK
03419301,SIBN
03419401,PHAS
03422101,NGM
03423601,PLAN
03424002,ALAC
03424101,TWST
03424301,ESTC
03425902,UTZ
03426001,OCCI
03426601,LOGC
03428701,GMDA
03429801,EIC
03430001,VRRM
03430901,STNE
03432602,XM
03432701,VAPO
03433001,AMK
03433701,ETRN
03433801,RBKB
03434201,AXNX
03434602,AMCI
03437601,ALYA
03438201,AVCO
03439601,SG
03441001,MRNA
03441201,USWS
03441401,ALTM
03441501,BCSF
03441801,NFE
03442001,MDRR
03443901,WTRH
03444301,DOW
03444601,SI
03444701,BYND
03446601,ANDAU
03446602,ANDA
03446701,RVLV
03446901,AGE
03447802,MNCL
03450502,TMTS
03452801,MLND
03454402,GMHI
03456001,ATIF
03456201,ORGO
03456601,HOTH
03457801,GOSS
03458001,MTC
03458401,PHUN
03458701,HARP
03460001,TCRR
03460102,RMG
03460901,PSTX
03461001,PBTS
03461301,SLGG
03461502,ACAM
03461601,ALEC
03461801,BCOW
03462101,YCBD
03463601,FOXA
03463602,FOX
03464001,KLDO
03470901,SEEL
03474601,CYCN
03475001,WTRE
03476501,CVET
03476601,WORX
03481602,HCAC
03482502,THCB
03483401,SOLY
03485401,SWAV
03487301,LYFT
03488201,SILK
03488301,DTIL
03491001,LSPD
03491501,BHAT
03491901,TW
03492001,HAPP
03492901,XFOR
03493701,FSEA
03493801,RMBI
03493901,PBFS
03494101,TH
03494201,PDSB
03494501,BIOX
03494603,RPLA
03495301,PLMR
03495401,CHNG
03495501,PD
03495601,DSSI
03500401,MNRL
03500501,ZM
03500601,TPTX
03500801,ENLV
03500901,GNLN
03501301,PINS
03501401,HOOK
03501801,GHSI
03503001,PSTL
03503501,KTB
03503801,TUFN
03505302,FREE
03505401,TRVI
03505501,SCPL
03505601,ALC
03506201,TMDX
03506501,AVTR
03507701,UBER
03507801,RRBI
03507902,AGBA
03508901,AXLA
03509001,NXTC
03509101,APLT
03509901,MEC
03510001,MIST
03510101,SPFI
03510201,CRTX
03510401,SONM
03512001,FSLY
03512203,LCA
03513301,WORK
03513403,GXGX
03513601,IDYA
03515301,KXIN
03515401,CDAK
03515801,PSN
03516801,CTVA
03518201,CRWD
03521001,MWK
03521101,CLVT
03522201,FVRR
03525401,PSNL
03525501,STOK
03526401,BBIO
03526601,PRVL
03526701,AKRO
03527001,BCEL
03527901,ADPT
03528001,MORF
03528701,CHWY
03528801,REAL
03528902,SMMC
03529001,KRTX
03530501,VERY
03530601,INBX
03530702,HYAC
03530804,GIX
03532001,ONCT
03532101,EDSA
03532702,CCX
03532902,THCA
03535401,KERN
03535801,LMPX
03536701,ISUN
03536902,SCPE
03537301,CMBM
03537401,MDLA
03537501,MIRM
03537601,FULC
03537701,PHR
03537801,AFYA
03539101,HCAT
03539501,NOVA
03539601,CSTL
03540204,OAC
03540301,CNSP
03540401,PROS
03540502,ZGYH
03541102,SBE
03541601,ANVS
03542201,GBS
03542301,KRUS
03542901,RAPT
03543001,SNDL
03544701,DT
03545101,ONEW
03545501,CFB
03547101,OPRT
03547701,SLRX
03548101,HQI
03548303,THBR
03548902,SSPK
03549001,NSCO
03549401,CLEU
03549701,NVST
03554301,OPCH
03554401,INMD
03555201,AESE
03558301,MDIA
03559102,BSPE
03560001,SWTX
03560101,STSA
03560201,SDC
03560303,APXT
03560401,NET
03561101,TFFP
03561201,GFL
03561301,INDO
03561401,CRNC
03561701,PING
03562001,DDOG
03562103,EXPC
03562203,NPA
03562701,PTON
03563001,VIE
03563201,BBI
03563801,VIR
03563901,IGMS
03564001,TXG
03564201,PNTG
03564601,BSBK
03564701,FREQ
03564801,APRE
03564901,ADCT
03566401,MNPR
03568401,BRBR
03568801,BSMQ
03570801,PGNY
03570902,SRAC
03571201,OCGN
03571401,BEAM
03571502,LATN
03572701,CABA
03572801,PHAT
03572901,FDMT
03573203,GLEO
03574301,DCBO
03574604,DFNS
03574701,OYST
03575901,HBT
03576102,MCMJ
03576801,GRTX
03577601,ETNB
03577703,SFTW
03577804,FSRV
03577901,TELA
03578001,CNTG
03578101,VEL
03578303,JIH
03578402,GRNV
03579301,PINE
03579401,SITM
03579601,BXRX
03580801,SPCE
03581001,GTEC
03581401,PHGE
03582903,CHPM
03583003,ALUS
03583402,PTAC
03583501,QLI
03585001,VERO
03585201,AHCO
03585402,AMHC
03585901,OCG
03586701,BRMK
03586801,BILL
03587401,REYN
03588001,BWMX
03588101,XP
03588201,BIPC
03588902,LIVK
03589101,ZCMD
03590702,CIIC
03590901,KLR
03592201,SPT
03592301,YGMZ
03595801,ADTX
03595901,UK
03596701,GRIL
03597801,ARNC
03598201,IMVT
03599301,BROG
03600301,OBLG
03600501,AEI
03600604,SCVX
03601401,NRBO
03601602,GNRS
03601701,TIRX
03602402,NBAC
03602501,ONEM
03602801,ARQT
03603701,NYC
03604401,TARA
03604602,IPV
03604901,PPD
03605001,CSPR
03605101,SDGR
03605201,BDTX
03605301,NREF
03608301,RVMD
03608401,FTHM
03609303,GHIV
03609403,CCAC
03610901,BMEZ
03613301,CCAP
03613904,DMYT
03614001,PASG
03615301,POWW
03615702,ESSC
03617501,VRT
03618001,PAE
03619001,OTIS
03619101,CARR
03619301,AZEK
03620301,VNT
03620401,IMRA
03620503,LSAC
03620601,ALTG
03621101,GSMG
03623401,SLQT
03623601,NARI
03623703,DFPH
03626001,LUNG
03626103,IPOB
03626203,IPOC
03626301,ACCD
03626401,ORIC
03627403,CGRO
03627504,LOAK
03627601,NLSP
03627802,ROCH
03629301,GDYN
03629502,BRLI
03629802,CHAQ
03629903,ETWO
03630001,LYRA
03630101,ZNTL
03630201,AYLA
03630901,MSGE
03632703,SOAC
03632801,KROS
03632901,IGIC
03633301,LUMO
03634402,GIK
03634801,METX
03634901,HCDI
03635601,SONN
03635701,CRKN
03639401,LTRN
03639901,GOED
03640401,DKNG
03640901,EDTK
03641601,EBON
03641806,JWS
03641901,NOVSU
03641902,NOVS
03643803,LGVW
03646201,SJ
03646302,WPF
03646401,PLRX
03646501,KRBP
03647203,HEC
03647301,RNA
03647401,RPRX
03647501,QLGN
03649401,FOUR
03649502,MCAC
03649601,AMTI
03650001,SQFT
03650601,TMBR
03651201,VRM
03651501,ATCX
03652501,HSTO
03653001,VIRI
03653501,AYRO
03653601,LRMR
03655001,ACEL
03655501,FMTX
03655601,RPTX
03655705,TREB
03655801,GLSI
03656501,NKLA
03657101,FUSN
03657201,AKUS
03657704,FUSE
03659801,LPRO
03659901,GBIO
03660001,PCVX
03660705,GSAH
03660901,FBRX
03661301,FSKR
03661402,PANA
03661502,PTK
03661901,PROG
03663101,RACA
03663201,JUPW
03663301,EBC
03663501,GOCO
03663601,TIG
03663703,GRCY
03664101,RXT
03664201,NKTX
03664303,PSTH
03666001,BLI
03667701,RLAY
03667803,CPSR
03667901,ITOS
03668003,AACQ
03668803,MLAC
03669101,IAC
03669201,LMND
03670001,IMTX
03670101,HOFV
03670401,ALXO
03670501,PAND
03670902,PSAC
03671101,NCNO
03671202,DEH
03671304,DMYD
03671602,ACEV
03671701,JAMF
03671801,MEG
03671903,GOAC
03672001,VSTA
03672201,RKT
03672601,VITL
03672701,VMAR
03672801,OSH
03673203,ETAC
03673302,VMAC
03673403,NHIC
03673501,KBNT
03674203,DGNR
03674801,DMS
03675102,HPX
03675202,DFHT
03675401,BIGC
03675502,ACND
03675603,CCIV
03675701,AFIB
03675803,PRPB
03675901,AUVI
03676701,NRIX
03676801,ANNX
03676901,INZY
03677502,ERES
03677601,HSAQ
03677701,NTST
03677803,HOL
03677901,CMPI
03678002,YAC
03678103,BOWX
03678202,KSMT
03678301,ARYA
03678601,ALVR
03678701,IKT
03678801,DCT
03679001,BEPC
03679503,FAII
03679601,FSDC
03679702,NSH
03680803,LCAP
03681803,STPK
03681901,KYMR
03682002,BTAQ
03682302,GRSV
03682401,PRFX
03682601,AOUT
03682801,CVAC
03684403,CAPA
03684701,HRMY
03684802,PAIC
03685003,HZAC
03685103,AONE
03685203,PIAI
03685301,MAXN
03685701,NNOX
03686103,FST
03686301,AMST
03686702,NGA
03686802,CMLF
03687003,CFII
03687102,NMMC
03687203,FTOC
03687702,TWCT
03688003,BFT
03688102,OTRA
03688203,SVAC
03688303,TWND
03688403,FIII
03688501,OM
03689601,SUMO
03689701,HPK
03689801,U
03690201,VTRU
03690303,INAQ
03690402,GWAC
03690703,LEAP
03691001,PLTR
03691101,DYN
03691402,FGNA
03691501,ATHA
03691801,GB
03692901,LNSR
03693401,BCTG
03694501,FROG
03694901,COGT
03695001,AMWL
03695102,ENPC
03695201,MTCR
03695802,RTP
03696401,ASAN
03696503,AGC
03696701,BNL
03696902,SNPR
03697003,BSN
03697301,PTVE
03697602,ASAQ
03697704,SEAH
03697802,AHAC
03697903,IMPX
03698003,SAII
03698103,SBG
03698303,VGAC
03698501,AZYO
03698701,ACET
03698803,MAAC
03698901,LSF
03699002,STWO
03699102,VYGG
03701301,TSHA
03701402,FCAC
03701502,ACTC
03701801,HUDI
03701901,AVO
03702002,DCRB
03702102,VSPR
03702202,NBA
03702301,GDRX
03702402,VIH
03702602,ASPL
03703002,BHSE
03703303,TPGY
03703404,PACE
03703501,IMNM
03703601,PMVP
03703703,QELL
03703803,LCY
03703902,BTWN
03705302,PDAC
03705401,ASO
03705602,IGAC
03705702,PIPP
03706201,GRAY
03706301,PRLD
03706402,RCHG
03706502,FTIV
03706602,YSAC
03706802,VACQ
03707002,CLII
03707102,TEKK
03707202,GNPK
03707302,SV
03707403,IPOD
03707503,IPOF
03707601,BSY
03707702,ALTU
03707802,VCVC
03707903,APSG
03708001,EAR
03708101,CCCC
03708201,TARS
03708301,ONCR
03708401,ALGS
03708602,MACU
03709001,CRSR
03709103,HIGA
03710201,KRON
03710501,SPRB
03710601,VLDR
03710903,NGAC
03711001,STTK
03711103,IPOE
03711201,EQOS
03711304,FMAC
03712603,AVAN
03712702,IACA
03713001,THRY
03713302,LFTR
03713401,BDSX
03713501,FHTX
03713602,XPOA
03714602,MOTN
03714801,MAX
03715001,ROOT
03715302,DBDR
03715402,EUCR
03716102,BWAC
03716302,ARBG
03716403,RICE
03716502,RMGB
03716703,EMPW
03716801,KDNY
03717002,CAS
03718001,MCFE
03718201,HYLN
03718403,ATAC
03718601,GHLD
03718701,PRAX
03718801,MPLN
03719002,MUDS
03719102,DSAC
03720001,ARRY
03720601,FVAM
03721301,SFT
03721401,CURI
03723001,TTCF
03723101,PAYA
03723202,TMPM
03723401,WNW
03723503,CTAC
03723602,ADOC
03723702,ACAC
03723902,HZON
03724001,HLXA
03724301,BLSA
03724702,ACIC
03725202,SRSA
03725302,SPNV
03725401,MSP
03725802,IIAC
03726002,SGAM
03726102,CFAC
03726801,RIDE
03726903,FTCV
03727302,BOAC
03727402,CHFW
03727501,CERE
03728201,SQZ
03728303,HAAC
03728401,LESL
03728502,STIC
03728804,BREZ
03729001,VVOS
03729102,LUXA
03729201,AVIR
03729301,GATO
03729502,AJAX
03730401,EZGO
03730501,NGMS
03730602,DMYI
03730702,OCA
03730802,NOAC
03730901,ALGM
03731001,GLTO
03731801,FSR
03732202,CND
03732501,OCUP
03732701,TLMD
03733203,CONX
03733702,BENE
03733801,SHC
03733901,JYAC
03734402,EQD
03735001,ATNF
03735102,OACB
03735401,MRVI
03735601,DGNS
03735701,UPST
03736102,TSIA
03736601,TRIT
03737203,PHIC
03737303,ZNTE
03737601,TBA
03738201,CNXC
03739201,EOSE
03739601,MDVL
03740401,GCMG
03740502,SPFR
03740601,LSAQ
03740701,MP
03741201,OLMA
03741301,AFRM
03741401,CERT
03741502,RTPZ
03741602,LNFA
03742001,DASH
03742501,SEER
03742601,ID
03742802,TINV
03743302,SPRQ
03743402,FRX
03744501,AAN
03744901,QS
03746001,ABNB
03746102,DDMX
03747102,TACA
03747203,RSVA
03747301,PTPI
03747802,NEBC
03748001,MASS
03748202,DWIN
03748302,PTIC
03748601,KNTE
03748801,SGTX
03748901,AIRC
03749001,LAZR
03749202,LOKB
03749302,FPAC
03749402,HTPA
03749501,SBTX
03749602,HMCO
03750201,WOOF
03750601,RAACU
03751001,PUBM
03751701,AI
03751901,OPEN
03752001,HTOO
03752701,ABCL
03752902,ROCC
03753401,RVPH
03753701,DM
03754101,BCAB
03755901,CLVR
03756001,POSH
03756101,AGCB
03756201,SKLZ
03756902,ATA
03757601,GOEV
03758302,SVFA
03758701,ASLE
03758801,YMTX
03759201,VINC
03759301,PRCH
03759401,XL
03761701,RMO
03761901,GNOG
03762301,RSI
03763001,DNMR
03763301,CLNN
03764001,ENVB
03764601,SHLS
03767001,BTNB
03767201,MNTK
03767301,BMTX
03767401,MSGM
03767501,CGEM
03767801,VINP
03768001,OCDX
03770101,OMEG
03771101,CLOV
03771301,LSEA
03772301,TRIN
03774001,BTRS
03775101,DRVN
03775201,PLTK
03776301,UWMC
03777601,PAX
03778401,HMPT
03779301,DFH
03779901,HCAQ
03781801,CLRMU
03785101,HIMS
03786101,LOTZ
03787001,MIT.U
03789501,CGNT
03789601,AGFY
03790201,BLUA.U
03790601,TLGA.U
06080001,SBGI
06080101,SCKT
06090001,DISH
06090201,HA
06091101,NHTC
06091401,LSI
06092303,PLAY
06093101,SYX
06097901,WAB
06098301,AMRB
06100401,ACTG
06102801,WSTG
06103001,DSWL
06103401,TK
06105501,AUBN
06107701,GVP
06112201,DIT
06112901,RWT
06114001,WINT
06115303,EAF
06115502,AAWW
06116302,SHO
06117901,KFRC
06118101,IART
06118801,SVC
06128501,BTN
06130201,ACGL
06132101,SMSI
06132501,MD
06135601,NOVT
06138001,ERIE
06138801,RE
06139901,MYGN
06140601,RNR
06140801,THG
06141801,RICK
06142001,POOL
06145201,BAP
06148301,DVA
06148701,BANR
06149001,OPK
06149401,HSIC
06149601,MLSS
06151901,SWM
06156201,AEIS
06156701,EL
06157401,WAT
06158101,SAM
06158501,FFIC
06158601,IMH
06158701,IVAC
06159101,NTAP
06163501,NWPX
06165501,NVAX
06167601,CTXS
06168501,NUAN
06169301,HTLF
06170901,SMID
06171101,TGTX
06171201,BDR
06173201,MSM
06173501,SGU
06173901,HIG
06174301,KFS
06175001,NYMX
06175901,CLB
06176601,ASTC
06181101,SCCO
06181501,BYFC
06183601,TTNP
06187001,OTEX
06189901,IDRA
06197101,ENG
06205701,WYY
06207201,APT
06212301,PBHC
06213901,PLBC
06216801,IRIX
06216901,LNDC
06220401,TGC
06221301,USAT
06221701,LPTH
06222101,CMCO
06224301,UNTY
06226201,FORD
06226301,ALXN
06226601,CSGS
06229001,REV
06230201,SGRP
06233701,IAG
06237401,IRM
06237801,HUBG
06239603,IDT
06247501,ABUS
06249401,PRGX
06249801,ELLO
06250101,SPH
06251601,CENX
06252501,AIM
06254901,KVHI
06255301,OCC
06258201,ALJJ
06259201,PLX
06261801,CWCO
06262601,EPM
06264007,LORL
06264601,CWBC
06265401,SASR
06266601,STRM
06268905,TRV
06272301,TCX
06273201,SYKE
06274501,JAKK
06282301,FCN
06289501,PFBI
06289701,TUP
06291901,MFIN
06292101,NBIX
06295601,BOSC
06296502,SSNC
06297901,SBSI
06300001,RUSHB
06300002,RUSHA
06303001,CASI
06305801,SBFG
06308001,ANSS
06313501,DCOM
06313901,TRQ
06317201,FDS
06317801,PROV
06318501,CHKP
06318601,QGEN
06322401,CVCY
06323201,OCFC
06328801,FFG
06329001,PEGA
06333801,STRA
06338801,WHLM
06340501,GERN
06341701,TTEC
06342201,LAMR
06344701,GES
06345401,AWRE
06345601,CSV
06352001,TACT
06352701,SRCL
06353101,MVIS
06354101,MMAC
06356201,AEZS
06359601,WLFC
06363901,OCN
06364301,ANF
06364501,ENDP
06365001,SPPI
06370001,ATRS
06370801,DVD
06372501,WTBA
06373901,BJRI
06376301,HIBB
06378101,WTFC
06384701,PAG
06386301,USNA
06387601,TGI
06389201,NOV
06392701,UNFI
06393001,BBQ
06393801,SEAC
06395205,HCHC
06398601,PLUS
06402801,NUS
06403001,STLD
06406101,FORR
06406301,GEL
06408801,VSAT
06412101,HIHO
06416301,DPW
06416601,DGX
06417501,LAD
06419301,EMCF
06422301,DXPE
06422801,UBFO
06422901,PTRS
06425401,HLIO
06427501,CALM
06427801,ELTK
06430201,NSP
06430601,KRC
06432701,CERS
06433401,VCEL
06434401,MTN
06435501,GOGL
06435601,CIEN
06438901,SLGN
06441001,KMX
06448801,CLWT
06451501,CTIC
06452301,APWC
06453601,EEFT
06454701,SSB
06456801,GIFI
06463001,TTWO
06463701,EMKR
06464501,BKYI
06469001,ALV
06469901,FBC
06471701,INM
06474502,KNL
06476601,RMBS
06476801,AMZN
06477501,DNN
06479101,WILC
06479401,UCBI
06479601,MTSL
06482101,ARE
06485301,QRVO
06485701,SRPT
06489101,RL
06490101,MMS
06491501,INTT
06492501,BXP
06492901,SLP
06493401,INDT
06497901,PPBI
06499701,FIX
06500601,HLX
06500901,AROC
06501101,HSKA
06502101,EGHT
06503601,QUIK
06505001,GLBZ
06508401,CXW
06510601,OZK
06510801,JLL
06517601,EVBN
06522601,QADB
06522602,QADA
06522801,UMPQ
06523501,DHIL
06527502,BFAM
06528601,AEHR
06529001,SLG
06534301,PSMT
06534401,VTSI
06536501,NICK
06537401,OMEX
06537601,SIGA
06538001,ESLT
06539901,MTOR
06540601,PETS
06541701,YUM
06542101,FARO
06543001,PLCE
06546001,RDCM
06546701,FCCY
06550001,NAT
06554001,UEPS
06554801,CAC
06555201,INVE
06555601,NLY
06558702,NRC
06559001,SRI
06560501,RBA
06560701,OSIS
06560901,CHRW
06561501,CHH
06564001,CSR
06567101,DRQ
06567501,OEG
06568901,MBWM
06570201,CWST
06571001,EPR
06571801,GPI
06573201,CSU
06576501,CTIB
06577201,MTD
06579601,MOFG
06583101,SAH
06585001,CTHR
06588601,AMG
06589601,GEOS
06589901,RNWK
06590501,BASI
06592102,AUMN
06594401,ASRT
06595801,CFFI
06598601,BB
06601601,INGR
06603201,POWI
06606501,URI
06608501,AAIC
06615501,NWFL
06615801,OVLY
06621001,LCNB
06623501,HOPE
06626101,LIVE
06628501,HFWA
06628601,TSBK
06628801,MPB
06629001,SCS
06630101,ACY
06631301,OPOF
06632601,DSGX
06635401,WPC
06635501,FXNC
06636601,RMTI
06636801,VRSN
06637101,IESC
06637901,PRDO
06639301,MRCY
06639401,PFIS
06640501,GPL
06644601,PWR
06645301,COFS
06650401,CBAN
06658601,CNXN
06658801,SRDX
06659701,FUSB
06659901,WDR
06660201,CIX
06665401,ANH
06668601,OSPN
06669701,INO
06673101,FHI
06692901,TPB
10024303,AMCR
10087303,NLSN
10197301,TRMD
10269602,LOGI
10443201,NCLH
10536501,AMT
10539401,PAYS
10553801,BSRR
10561601,BRBS
10566101,KL
10567001,BRKL
10586101,WPM
10589201,MTA
10593601,COLM
10610001,CYTH
10611201,NGD
10612601,APDN
10620301,SA
10635101,EXN
10640401,FBSS
10648601,PLM
10703201,THM
10709801,FSM
10713001,KIQ
10724501,EXK
10725801,SMTS
10732501,MCBC
10735001,EMX
10742301,MSVB
10744601,NTWK
10763701,NAK
10771001,OR
10771201,UUUU
10778101,HBM
10781701,PGC
10784301,MRKR
10832601,SVM
10866401,UBOH
10876801,AG
10883101,WPRT
10897901,FGBI
10907901,RLH
10918301,PFBC
10959901,HTBK
10962101,LBAI
10965901,TCFC
10982601,MANH
10991901,CRAI
11003901,AMKR
11017901,VTR
11025001,SMMF
11052901,EVOL
11056601,IOSP
11062001,ICLR
11072801,IDXG
11073201,WCN
11076001,AXTI
11080201,AWX
11097901,CATC
11100001,HCKT
11110301,HZO
11117901,HWBK
11148601,GIL
11153401,MSTR
11153701,UNB
11162901,CXDO
11172101,EGBN
11181901,ORRF
11186401,CTSH
11187302,RH
11188001,DOX
11194001,FNLC
11197403,TSQ
11203007,CMLS
11211101,CSGP
11211201,BOCH
11215801,CLS
11216801,RSG
11229501,FCCO
11257201,FMAO
11272101,RBCAA
11275902,LEU
11281901,SMED
11287601,EPD
11288101,LMNL
11296801,MTEX
11309301,SAL
11349001,CCI
11397801,FNCB
11420301,CETX
11441501,RIBT
11452401,EBAY
11462801,GS
11469801,EMAN
11488001,MFNC
11504401,AQN
11575701,SWBI
11576601,FNHC
11583101,NTIP
11587601,PB
11602901,PAA
11616601,PCYG
11620901,USIO
11650401,SNBR
11677201,BCOR
11682901,CTEK
11701801,CFBK
11702601,GCBC
11703401,FCAP
11703601,GDEN
11714101,EFSC
11716101,STL
11726001,HT
11776801,NVDA
11782901,AUPH
11786101,AXL
11790201,ETM
11804201,EWBC
11812204,APTV
11822301,EPAY
11826401,GBL
11826701,KFY
11852501,EBTC
11917301,AUTO
11927501,MKSI
11931401,BKNG
11931601,TREX
11941401,CFFN
11951301,OBAS
11957401,EXTR
11971401,ATLC
12004801,HSII
12009301,CNX
12030101,UONE
12030104,UONEK
12031801,TOWN
12033401,SWIR
12044401,WCC
12045601,LOAN
12079401,TCP
12082402,USCR
12086001,AUDC
12107701,FFIV
12114201,SKX
12125701,GEG
12138101,PMBC
12138201,SBAC
12144001,UTHR
12167301,STMP
12171301,FISI
12171801,JNPR
12175901,PWFL
12179301,CYRN
12181501,ECPG
12181701,SALM
12207801,EGOV
12217201,JCOM
12217501,VHC
12221101,HOFT
12225701,BMRN
12238001,LII
12239401,PRFT
12251901,FLWS
12277701,PCOM
12290201,NTCT
12291501,ARLP
12291601,PTE
12345501,AGI
12399801,SWKH
12403601,EGAN
12404201,MFC
12404601,DHC
12443401,BLK
12477501,CIR
12501401,PCTI
12507401,RDWR
12523401,CIZN
12524001,WWE
12527401,BSQR
12558001,SFST
12559501,AKAM
12560101,GAIA
12560401,PLUG
12579401,NEO
12597501,CLCT
12601001,FSI
12602001,IDN
12603601,PZG
12605601,KTOS
12612201,ONCY
12613603,CHTR
12629602,EXPE
12631801,IMMR
12642301,ONTO
12655401,A
12655501,ALSK
12671801,PFSW
12672101,TDY
12737701,BGCP
12897801,PKG
12944101,ZYXI
12946601,AGEN
12982301,BBGI
13049801,GIGM
13052501,USAS
13061801,PBA
13252501,UTSI
13328801,SLAB
13328901,SLF
13336401,ABST
13336601,EW
13336701,EPC
13346801,RIGL
13350401,LMNX
13356401,CAMT
13372601,CCMP
13376401,EBMT
13376601,HSTM
13376801,MET
13382501,SPRT
13386801,LXRX
13386901,LPSN
13387101,SGMO
13388501,EXEL
13390501,NVMI
13404401,SINA
13430501,MAG
13493201,ON
13504401,PXLW
13578802,CEVA
13584401,ISSC
13596501,RBBN
13599003,NRG
13618601,INSM
13626501,PACW
13664802,VC
13668401,BEP
13672501,ISRG
13684401,BOTJ
13709001,BLU
13713101,CRL
13731001,MRVL
13735101,BHLB
13737301,CPST
13737701,EXFO
13743201,DLA
13757301,ENTG
13760201,ACLS
13760901,MAXR
13764201,SAVA
13787401,SMTX
13794301,EVC
13812201,ARNA
13820501,ILMN
13834101,CRIS
13846701,LTRX
13848301,BRKR
13850101,CRNT
13852101,MNDO
13870701,SRGA
13874301,EQIX
13878101,CGEN
13902501,PNFP
13920101,TURN
13966501,MCO
13970501,MBCN
13980401,TTMI
14002301,DCTH
14004201,AWH
14004401,DRRX
14007301,ITGR
14017201,VS
14054101,TPR
14056501,SLCT
14056801,CEMI
14093801,VBFC
14098201,LTBR
14098801,TNET
14117801,INSG
14127701,EXAS
14127801,MOSY
14135901,RGP
14136301,NS
14138401,ALGN
14145901,GRMN
14146001,SGEN
14146901,HBIO
14149601,DVAX
14184601,ACAD
14188701,VRME
14191301,GPN
14223001,MMP
14226001,OIS
14233702,NOG
14246003,BTU
14254601,MPX
14260601,PLG
14281401,SYNA
14295301,MDLZ
14295601,OMCL
14315301,SHBI
14335601,PRU
14335701,ACN
14340301,JE
14352601,RVP
14377001,NVCN
14390901,FENC
14391201,AXON
14397401,ADS
14400901,WLTW
14412201,MVBF
14418301,GAU
14438201,NEPT
14439601,CCRN
14443501,BG
14443601,NTUS
14443701,PDFS
14449602,UBS
14452001,AMN
14455901,ZBH
14464001,ABG
14499801,XPO
14502401,GLAD
14504101,BGFV
14504601,ANTM
14504901,GME
14508001,STRR
14530801,WW
14540701,CREG
14555201,CNC
14570101,PFG
14581201,CPG
14597701,AAP
14601701,AYI
14614001,PDM
14617101,MANT
14650001,FVE
14660701,WNEB
14661601,CORT
14664801,CUTR
14665901,HUSA
14718301,LODE
14720401,CCOI
14724201,VRNT
14730301,DS
14730501,JBLU
14731201,BCBP
14739801,TNP
14757901,NFLX
14770801,CVGW
14779201,SVBI
14784901,CPSI
14786801,OSTK
14798801,ACM
14817001,RIOT
14821901,BDSI
14822301,GLDD
14823901,CPHI
14834901,TDG
14835001,TA
14839001,FORM
14839101,KIRK
14839601,INPX
14846901,SAFT
14847001,RRGB
14877201,CBAT
14895001,NPO
14907001,CME
14908201,WHG
14917701,NXST
14931801,WYNN
14933701,NDAQ
14937901,FTFT
14961801,BANC
14968301,CAAS
14972101,TZOO
14973806,CIT
14990601,HNNA
15013901,DKS
15020101,MMLP
15022101,GALT
15027801,CRI
15027901,PFS
15030601,TCBI
15047701,PRAA
15048101,SAIA
15056201,NGS
15069901,XEC
15076101,OTRK
15076401,TFII
15080301,BFC
15083701,NRP
15093701,STX
15142301,NEPH
15154401,PKBK
15163001,HALO
15200801,PSTI
15204901,FBMS
15210901,BIMI
15214901,MOH
15312801,HSON
15313001,AXS
15389501,OPHC
15395701,BCLI
15403901,NTGR
15435701,QEP
15460501,OGEN
15473901,GOOD
15475801,MODV
15477301,CRHM
15528001,ATSG
15538701,CRDF
15539305,WLL
15539402,LKQ
15561601,CIDM
15573801,NNI
15575401,AHT
15615301,XPER
15615501,SNX
15615701,MRLN
15638301,AEL
15638401,GBLI
15657801,ADES
15661401,CONN
15661701,ACOR
15663301,UTI
15686101,TPX
15695301,HTH
15705701,AIZ
15715301,CMP
15735401,KRO
15737302,VST
15745201,OXSQ
15749801,PCB
15767903,SRC
15775501,MCHX
15785501,CRM
15786501,MEIP
15787501,VFF
15795501,AGO
15805301,NYMT
15805501,DYAI
15835401,GNW
15856301,CYTK
15858701,TBBK
15873701,SP
15874201,MKTX
15874301,BGS
16017301,ABR
16019601,PLAG
16020701,STON
16021102,DPZ
16021301,GSIT
16022501,MA
16023301,PSEC
16032901,GOOGL
16032903,GOOG
16034001,MNKD
16034101,WTI
16037301,MORN
16037501,STXS
16037601,TXRH
16042301,BWFG
16047901,EXR
16048801,NURO
16054101,HTGC
16054901,LBTYA
16054902,LBTYB
16054905,LBTYK
16055501,MICT
16057001,CVGI
16059801,BECN
16062101,SFL
16066801,INVA
16068102,HY
16068402,WLK
16070602,DRH
16074201,JVA
16077001,MRTX
16077601,SBNY
16078501,VVI
16080901,CYCC
16085601,TOPS
16088801,MPWR
16089301,ENS
16091301,ORA
16099001,CUBE
16099101,DLR
16099701,NNVC
16102301,BCML
16104801,ACC
16105501,BBW
16107201,CHCI
16112001,MIC
16181301,BXC
16184301,MNTX
16184401,LVS
16185201,SOHO
16185301,KRNY
16192401,PBIP
16194201,BFIN
16196601,ARCC
16199701,HURN
16207601,ARC
16212701,CNSL
16212901,MOS
16214601,CYRX
16216001,MPW
16223301,DGLY
16225401,CE
16226401,NP
16229301,INBK
16233501,PBH
16233801,ULH
16234601,AT
16235401,DLB
16238501,WEX
16238701,TGP
16240001,XPEL
16240101,HUN
16240401,LHCG
16244901,EXLS
16245301,AMTX
16245901,HPR
16250105,OTEL
16255901,LAZ
16256001,AX
16258501,SNSS
16272001,NM
16273501,TRIL
16274201,RAIL
16282501,HFBL
16287001,DOOO
16287601,CORE
16288701,DXCM
16289201,MNOV
16289401,CEQP
16290601,INFO
16291401,RLGT
16292501,XAN
16298801,ZUMZ
16303601,BLDR
16305101,CTRN
16306001,DSX
16306901,KFFB
16311301,KOP
16311803,WMG
16359501,ALTO
16359601,CEI
16361001,ICE
16366801,LINC
16367801,EVRI
16368502,EGLE
16376501,CPS
16376803,GTT
16380601,NETE
16388401,FSP
16388901,ATRC
16389101,RUTH
16392001,WAL
16392402,JRVR
16393002,GNK
16393501,GLP
16394601,CF
16396301,CXP
16396501,CTSO
16398301,THS
16404601,GTE
16405301,OLB
16408601,CMPR
16411601,OFLX
16413201,RPAI
16415501,GAIN
16429301,SSKN
16429601,DISCA
16429602,DISCB
16429603,DISCK
16436303,TROX
16436401,ISBC
16436501,WSBF
16439501,OPBK
16441601,IRBT
16447102,QSR
16449401,SPR
16450602,ACCO
16451101,ADXS
16453401,ATCO
16455701,ROLL
16457201,AMSF
16463301,HOMB
16465201,BKD
16466001,CCO
16470201,HOLI
16470801,AMP
16472401,MNSB
16474601,CPAH
16475501,CROX
16505101,SPWR
16505201,UAA
16505203,UA
16507501,GASS
16512301,LDOS
16520903,CORR
16521501,ZIOP
16526201,DHT
16526401,FNF
16528401,FBIZ
16546501,MGYR
16546601,DCP
16551001,SEED
16555701,BGI
16556301,BPTH
16563001,SSBI
16563701,URG
16564901,ET
16567801,CPA
16572801,EVK
16574301,SBLK
16574601,LYV
16579801,UEC
16584601,CLMT
16585601,HEES
16591301,ESEA
16591401,CMG
16592301,PERI
16596801,SUNW
16599301,FIS
16608701,AIRI
16619701,LSBK
16621301,LQDT
16623001,KRA
16626501,AXU
16636801,CODI
16643501,VNDA
16644701,AVXL
16648201,MWA
16648502,RHE
16649102,IGC
16655501,ATEC
16656201,VG
16656301,DK
16658301,LUNA
16659101,CBLI
16659301,SNCR
16671101,SQBG
16672301,HBMD
16678902,GFN
17033501,PFPT
17038401,GOGO
17039601,CUBI
17041901,HTBI
17042001,CGIX
17045001,ORMP
17052001,RDUS
17052701,POST
17055501,GLOG
17061601,SPLK
17061701,FB
17065501,SSNT
17071401,ESRT
17073001,ONVO
17075001,FANG
17075801,CSTE
17076502,TGLS
17084101,PSX
17092001,ASPU
17094501,PBYI
17096501,PFMT
17100201,GMED
17100701,NOW
17102301,TCPC
17104502,KBSF
17104901,BLMN
17105901,FET
17106701,PANW
17111101,TMQ
17114101,FIVE
17115501,CLIR
17118701,PHIO
17402202,RLGY
17404901,PGTI
17407701,CVLT
17411901,HWCC
17413401,PTCT
17414701,QRTEA
17414702,QRTEB
17416910,BATL
17423601,SEM
17428001,WRN
17430101,LMST
17431001,KBR
17438901,EHTH
17439001,LMAT
17442801,INFU
17444901,ESXB
17463701,ICFI
17464701,GTS
17470002,GSL
17472901,WYND
17474401,EVR
17500401,ORBC
17500701,ALGT
17500801,FOLD
17505501,HIL
17507901,CBPO
17512101,GBNY
17526301,WU
17526901,CELH
17527101,SNMP
17529901,DLPN
17530701,DEI
17531901,HBI
17534201,TAOP
17540401,FSLR
17542401,SNOA
17549001,YTEN
17550301,GORO
17550501,LEXX
17552301,GSAT
17553301,INFI
17560601,DAC
17560701,SONA
17565401,WLDN
17567401,COHN
17568601,PRIM
17568901,AWI
17590001,SBH
17595501,IPGP
17596601,CPRX
17598201,CSIQ
17601701,ATHX
17602101,ALLT
17602201,EBS
17609201,AER
17610301,NOA
17616901,KNDI
17622901,SNCA
17623401,CTT
17624701,AIMC
17624901,TAST
17625102,III
17625601,PTMN
17630401,FFHL
17634301,CLNE
17634601,PFIE
17636201,AVAV
17637801,REED
17640801,MVO
17652301,NCMI
17656701,SMCI
17657201,AVNW
17659101,EIG
17659301,PRTS
17660201,ESGR
17663601,HROW
17667001,ARAY
17670101,IBKR
17670301,ESSA
17672501,BBDC
17676001,UFS
17676601,TFSL
17676801,BLIN
17678201,GLUU
17682801,CARE
17684001,REI
17686701,ITP
17687401,SUMR
17689910,SD
17691401,CQP
17692801,BR
17697301,GLRE
17699201,DMAC
17699901,SAR
17700901,FRBA
17705801,SPCB
17706701,CPLP
17708801,BX
17710801,CNK
17710901,CAI
17711101,TTGT
17717901,CBMG
17718201,OPNT
17721601,PNNT
17722701,PODD
17722801,NBY
17725501,JMP
17725701,INFN
17726702,TEL
17728701,JAZZ
17731501,LLNW
17736701,CDXC
17737602,DFS
17740502,HYMC
17763701,AMC
17764001,TIPT
17773401,CSCW
17774401,PRO
17776401,SYN
17778001,SCOR
17778201,BKCC
17787101,VRTU
17788101,MASI
17788401,CXO
17794301,DHX
17794501,BKEP
17796601,ALSN
17797501,ZAGG
17798101,SINT
17798301,G
17801501,LULU
17807303,RILY
17808101,MELI
17808301,VMW
17808401,CZZ
17809701,CPIX
17814801,SAND
17815301,NEON
17815701,MDXG
17829101,LIXT
17831001,TDC
17832701,CXDC
17837102,MHLD
17837702,SPI
17840302,SHIP
17849401,MARK
17850701,MSCI
17851901,LPLA
17852901,MAIN
17853901,ROIC
17854501,FFNW
17855201,TGH
17867201,CVI
17867401,EPSN
17870301,PZN
17870401,ULTA
17879701,APEI
17880301,ENSG
17880601,LL
17881401,SCU
17882301,UIHC
17883401,NFBK
17885104,NES
17886201,CIM
17886501,RBCN
17887401,ORLA
17887701,NMM
17890601,AEHL
17890701,FPAY
17892301,CALB
17897301,TITN
17897601,LRN
17899701,FNV
17904801,ACBI
17905801,OESX
17906001,BTG
17907701,FOR
17908701,TNK
17913201,ORN
17920201,SATS
17921601,BIP
17923401,SFBC
17924901,BWEN
17928801,AHC
17929801,EBSB
17941301,CSII
17943701,AWK
17944101,BEAT
17944701,MKGI
17946101,AYTU
17950701,MEDS
17953401,V
17957701,CFX
17958301,FN
17959701,HCCI
17959801,CLDX
17962101,PM
17962401,CJJD
17965701,HI
17967101,CCXI
17968601,ZGNX
17969002,SWI
17973801,ERII
17974101,KKR
17981702,VRS
17981901,NX
17983401,CDNA
17984001,FLDM
17984101,CDXS
17984301,IPI
17988901,AGNC
17992901,TMDI
17995701,ECHO
17997401,HCI
18001601,MRC
18005701,IOVA
18008101,SII
18008301,LOPE
18010901,MLVF
18011201,SB
18011801,SINO
18014601,TOMZ
18018301,HBCP
18019301,OCSL
18022801,IVR
18022901,MG
18025001,INVO
18025601,NNA
18027202,BKI
18034501,RSSS
18036301,ALIM
18040501,ATVI
18042301,TREE
18046401,LAC
18046601,JBT
18047401,RXN
18048301,BERY
18064601,MYRG
18065201,VRSK
18066501,COMS
18068301,IBIO
18069001,RCON
18071101,AVGO
18082201,MHH
18095801,FSFG
18110401,MDRX
18126901,GPRE
18129001,DMRC
18132701,FURY
18174501,CCLP
18182001,FSBW
18193101,CLW
18198901,SLCA
18202301,ONCS
18211201,ZVO
18230901,ABIO
18259901,RIVE
18270101,OPI
18282601,ADMP
18302901,RC
18310801,WMC
18313901,ISDR
18322401,CNET
18324701,TBNK
18328301,ADUS
18331201,ASPS
18332201,TXMD
18332401,PMT
18333701,CO
18336601,H
18337701,FTNT
18338801,STWD
18352401,GNUS
18354701,CODA
18358101,KAR
18359301,OMER
18360201,SRNE
18360301,CLNY
18360601,ARI
18363601,RCM
18364001,IRDM
18366901,IMV
18370401,VTNR
18372901,ORGS
18373601,GNRC
18378001,TWO
18379101,CVE
18379701,COWN
18379901,FLNT
18382201,ARR
18383001,PEB
18383301,TRNO
18385001,LLIT
18386001,POAI
18390201,EFC
18390301,CALX
18393201,HGSH
18394201,ST
18394501,CRMD
18397401,SPSC
18404601,AVEO
18404901,BLNK
18407701,CLPT
18410101,TNAV
18411301,VUZI
18413301,PPSI
18415701,MSGN
18416701,FIBK
18425401,APO
18425601,IRWD
18425801,PLOW
18425902,SANW
18426301,QNST
18428701,SLRC
18432301,EXPR
18434501,BEEM
18435201,STNG
18439201,GDOT
18444202,OAS
18446501,AMPE
18454201,GNMK
18454501,SGOC
18455101,MXL
18457601,ENV
18458501,NVFY
18460401,AOSL
18468801,CLDT
18468901,GBDC
18470001,FLT
18470201,NPTN
18471701,AMRS
18472501,NXPI
18473501,FCRD
18474801,QUAD
18479701,RP
18486201,GMBL
18489901,FAF
18495701,WKHS
18499601,TSLA
18501801,HPP
18510301,GSV
18511201,IPHI
18511301,STND
18512501,ELMD
18512801,AMRC
18513801,VPG
18517701,COR
18519301,XTNT
18519501,VRA
18522901,BWXT
18528901,ASMB
18531901,MMYT
18532301,ENSV
18533901,STAG
18534501,APTS
18535501,HZNP
18537001,WD
18537201,CLAR
18537501,EVTC
18538001,LEDS
18539601,INN
18541901,PACB
18545301,WSR
18547601,KOR
18553201,TRGP
18554901,AAT
18556901,OFED
18558501,NMFC
18558701,SGLB
18561801,SBRA
18562401,SAVE
18564601,CSOD
18565901,ATOS
18570301,LEAF
18577001,CMRE
18579701,HHC
18582101,HRZN
18582401,BKU
18582601,NVIV
18583601,PCRX
18588101,BAH
18590801,ACRX
18592101,RNET
18595201,REVG
18601301,TRCH
18612901,SREV
18613001,PVG
18613901,UAN
18615901,SUPN
18616902,GWRS
18618001,VOC
18619701,PSHG
18627501,AGRO
18627601,KOS
18627801,AL
18627901,PFX
18628801,WIFI
18631001,HII
18636001,THR
18636301,RLJ
18639201,SEAS
18643701,GEVO
18650101,NGL
18659101,SUNS
18667101,MITT
18677301,SXC
18678301,VER
18678501,ARCO
18682301,SPLP
18683401,ACST
18683601,GMLP
18685801,ARMK
18689301,PFLT
18690301,SHSP
18690401,CLSK
18695301,NSPR
18696001,CHEF
18697401,CLRB
18698901,MPC
18699001,SVVC
18699301,SSSS
18703901,ZG
18703905,Z
18708401,PRTY
18711801,YNDX
18712201,LIVX
18712801,WPX
18714801,ORC
18716401,HMST
18723501,GLDG
18723601,MSBI
18725001,PVL
18725301,RM
18735701,IZEA
18736301,GRPN
18736801,VTGN
18740601,AMCX
18745001,ENPH
18746201,UI
18748301,FDUS
18755001,ASPN
18755101,TSE
18757501,TLYS
18757601,ZNGA
18759601,IROQ
18763101,MACK
18769001,HTA
18769201,REGI
18769601,PRLB
18769701,EPAM
18769801,BCEI
18770901,SRLP
18773901,VCRA
18774001,MTSI
18777501,CHUY
18781001,MCEP
18781201,MTDR
18783301,FRGI
18795901,BCOV
18796101,LPI
18825501,FBHS
18835501,LIQT
18885601,FRG
18945901,CG
18949101,XYL
18951601,ACRE
18951701,ENVA
18956701,MN
18957902,GO
18959402,VVNT
18975701,XELB
19035501,AXGN
19045501,GWRE
19057201,STAF
19059001,GNE
19085601,TNXP
19096302,NBHC
19125501,VAC
19225501,ACHC
19425501,VSTM
19425601,WHLR
19465502,SGBX
19475505,AMPY
19605501,CLVS
19615901,PBF
19626801,YELP
19626901,FBIO
19635501,SYNC
19755901,EIGI
19805801,CPRI
19935601,TRIP
20048002,MANU
22021101,ICL
23349101,MX
23726901,XBIO
24464101,ITRN
24591801,IGT
24915801,GLNG
25335502,RCEL
25352701,EYPT
25409601,PSTV
25438101,BNTC
25886901,TPH
25951801,JHG
26073701,OPTT
26075101,NTB
26077401,CBRE
26089301,BLKB
26327701,TRTN
26419301,SNDR
26426501,ALNY
26428101,ELYS
26438501,NUVA
26438701,ANGO
26439501,GHL
26439701,CATM
26441601,UCTT
26450901,HEP
26616001,CZWI
26621401,CNS
26625701,AINV
26631501,KRG
26820802,LXFR
27134201,EURN
27135701,SMMT
27198701,CHFS
27283802,SNDE
27526401,AKER
27586201,AQB
27732301,ZIM
27815101,GPRK
28508501,QURE
28513501,GLBS
28533302,IFS
28639601,EVGN
28711101,KMDA
28746201,FF
28858601,FLNG
28973501,VISL
29307001,BUR
29391901,SBBP
29400701,NTEC
29452401,LYB
29578601,CNHI
29686601,MYSZ
29803601,SRT
31200901,FRO
31206601,ARKO
31499601,IMTE
31531801,ESI
31588701,NETI
31605601,ALLE
31674701,GAN
31726401,LPG
31742701,NOMD
31872801,ATH
32330801,BORR
32557601,APG
32594201,RADI
32668801,NVT
32745101,GRIN
32803201,NMCI
32879501,ACA
33022701,CTRM
33185601,IMUX
33211501,ARMP
33996501,SNOW
34518901,ESGC
34555601,FSTX
34592001,HYFM
34598001,WISH
